"Reference","Qty","Value","Footprint","LCSC"
"C1,C3","2","150u","Capacitor_SMD:CP_Elec_10x12.5","C28241"
"C2,C4,C5,C18","4","10n","Capacitor_SMD:C_0603_1608Metric","C57112"
"C6,C10,C11,C16,C26,C27,C28","7","100n","Capacitor_SMD:C_0603_1608Metric","C15725"
"C7,C9,C20","3","15p","Capacitor_SMD:C_0603_1608Metric","C1644"
"C8,C13,C14,C22,C23,C24","6","10u","Capacitor_SMD:C_0603_1608Metric","C96446"
"C12,C17,C19,C21,C25","5","1u","Capacitor_SMD:C_0603_1608Metric","C15849"
"D1,D2,D3,D4,D5","5","PMEG4010","Diode_SMD:D_SOD-323","C191023"
"D6,D7,D8,D9","4","150060GS75000","LED_SMD:LED_0603_1608Metric","C2286"
"J1","1","TBC05-06-1-G-G","Connector_PinHeader_2.54mm:PinHeader_1x06_P2.54mm_Vertical",""
"J2","1","USB4105-GF-A","Connector_USB:USB_C_Receptacle_GCT_USB4105-xx-A_16P_TopMnt_Horizontal","C3020560"
"J4","1","TB010-508-05BE","TerminalBlock_MetzConnect:TerminalBlock_MetzConnect_Type101_RT01605HBWC_1x05_P5.08mm_Horizontal",""
"L1","1","MMZ1608Y601B","Inductor_SMD:L_0603_1608Metric","C1002"
"L2","1","LQH2HPZ4R7MJRL","Inductor_SMD:L_1008_2520Metric","C87640"
"Q1,Q2,Q3,Q4,Q5,Q6","6","CSD18537NQ5A","Package_TO_SOT_SMD:TDSON-8-1","C534374"
"R3,R4","2","5.1k","Resistor_SMD:R_0603_1608Metric","C23186"
"R5,R6,R16,R17,R18,R19,R20,R21","8","15R","Resistor_SMD:R_0603_1608Metric","C22810"
"R11,R15,R22","3","120k","Resistor_SMD:R_0603_1608Metric","C25808"
"R12,R14","2","10k","Resistor_SMD:R_0603_1608Metric","C25804"
"RN1,RN2,RN3","3","TC164-JR-0710KL","Resistor_SMD:R_Array_Concave_4x0603","C29718"
"U1","1","LMR51606YDBVR","Package_TO_SOT_SMD:SOT-23-6","C33545953"
"U2","1","ESP32-C3FH4","Package_DFN_QFN:QFN-32-1EP_5x5mm_P0.5mm_EP3.7x3.7mm","C2858491"
"U3","1","AP2204K-3.3","Package_TO_SOT_SMD:SOT-23-5","C112032"
"U4","1","DRV8300DRGER","ProjLib:VQFN_RGE0024B","C3655801"
"Y1","1","X322540M","Crystal:Crystal_SMD_3225-4Pin_3.2x2.5mm","C252256"
